iou_threshold,TruePos,FalsePos,FalseNeg,Precision,Recall,F1Score
0.5,7217,14492,20536,0.33244276567322306,0.26004395921161677,0.2918199830172658
